Timestamp,Query,Image,LLM Answer,Correct Answer,Score,Explanation
2025-04-23T22:44:17.283236,What are the fluorescent dyes being used in this image if any? Please specify which organelles are being stained and why?,NucleusLysosomeStain.png,"Based on the image, we can see that the cells are stained with green and blue dyes. The green dye is likely staining the mitochondria, while the blue dye is likely staining the nucleus. The endoplasmic reticulum is not clearly visible in the image, but it is possible that it is also stained with a green or blue dye.

The image also shows that the cells are undergoing apoptosis, as indicated by the presence of apoptotic bodies and the fragmentation of the nucleus. The mitochondria are also affected, as indicated by the green staining.

The image does not show any evidence of necrosis, which is a different type of cell death.

The image does not show any evidence of reversible or irreversible injuries, as the cells appear to be in the process of undergoing apoptosis.

The image does not show any evidence of ribosomes, which are protein factories that are responsible for protein synthesis.

The image does not show any evidence of the nuclear envelope, which is composed of two lipid bilayers with a space between them called the perinuclear space.

The image does not show any evidence of lysosomes, which are cellular organelles that break down waste materials and foreign substances using hydrolytic enzymes.

The image does not show any evidence of DNA, which is a molecule that contains the genetic code for building and maintaining an organism.

The image does not show any evidence of filamentous networks, which can occur in the cytoskeleton, cell cortex, nuclear lamina, in vascular systems, and neurons.

The image does not show any evidence of organic dyes, which are used to stain cells and tissues.

The image does not show any evidence of the first membrane affected during apoptosis, which is the mitochondrial outer membrane.

The image does not show any evidence of the nucleus, which is the structure in a cell that contains the chromosomes.

The image shows that the stages of apoptosis include cell shrinkage, nuclear fragmentation, formation of apoptotic bodies, and phagocytosis.

*Answer*: The cells in the image are stained with green and blue dyes, which are likely staining the mitochondria and nucleus, respectively. The cells are undergoing apoptosis, as indicated by the presence of apoptotic bodies and the fragmentation of the nucleus.","The images being analyzed are fluorescent microscopy images using an array of DAPI, GFP, and rhodamine stains. The organelles in which each dye is used varies however usually, the DAPI stains the nucleus, GFP stains the mitochondria, ER, golgi, and/or lysosomes, and Rhodamine mainly looks at the mitochondria.",2,"I would score the LLM's answer a 2 out of 5 for correctness.

The LLM's answer correctly identifies the presence of green and blue dyes in the image, which are likely staining the mitochondria and nucleus, respectively. This is consistent with the expected answer.

However, the LLM's answer is incomplete and inaccurate in several ways:

1. The LLM fails to mention rhodamine, which is another common fluorescent dye used in microscopy, and its likely staining target (mitochondria).
2. The LLM incorrectly states that the endoplasmic reticulum is not clearly visible in the image, when in fact, GFP is often used to stain the ER, and the LLM's answer does not account for this.
3. The LLM's answer is overly focused on the specific image and does not provide a general explanation of the typical uses of DAPI, GFP, and rhodamine in fluorescence microscopy.
4. The LLM's answer includes several irrelevant statements about apoptosis, necrosis, and other cellular structures that are not relevant to the question.
5. The LLM's answer does not provide a clear and concise explanation of the staining targets for each dye, and instead provides a list of unrelated statements.

Overall, while the LLM's answer provides some correct information, it is incomplete and inaccurate in several key areas, and could be improved with a more comprehensive and concise explanation of the fluorescent dyes and their typical staining targets."
2025-04-23T22:44:38.856213,"Do the cells in these images seem healthy? If not, what is the process they could undergo and how would you know?",NucleusLysosomeStain.png,"Based on the image, it appears that the cells are not healthy. The cells are irregularly shaped and have a high nucleus-to-cytoplasm ratio, which could indicate that they are undergoing stress or are in the process of dividing. The cells also appear to have a bright green color, which could indicate the presence of a fluorescent dye or other substance. Additionally, the cells appear to be in the process of dividing, which could indicate that they are healthy and actively growing. However, there is no evidence of cell death, which suggests that the cells may be experiencing stress or undergoing some other type of cellular change.

To determine the specific cause of the cell's unhealthy appearance, it would be necessary to conduct further analysis, such as examining the cells under a microscope or conducting biochemical tests. However, based on the information provided, it appears that the cells may be experiencing some type of stress or cellular change.

It's worth noting that the use of fluorescent dyes, such as FITC, PE, and AlexaFluor, can be used to label specific cellular components and structures, which may be contributing to the bright green color of the cells. Additionally, the presence of a high nucleus-to-cytoplasm ratio and the irregular shape of the cells may indicate that the cells are undergoing some type of cellular stress or change.",The cells in these images are not healthy and are beginning the formation of mitosis leading to apoptosis.,4,"I would score the LLM's answer a 4 out of 5 for correctness.

The LLM's answer correctly identifies that the cells in the images appear unhealthy and provides some plausible explanations for their appearance, such as a high nucleus-to-cytoplasm ratio and irregular shape. It also correctly notes that the bright green color could be due to the presence of a fluorescent dye.

However, the LLM's answer is not entirely accurate in its conclusion that the cells are ""beginning the formation of mitosis leading to apoptosis."" While the cells may be undergoing stress or cellular change, there is no clear evidence in the provided text that they are specifically beginning the formation of mitosis or apoptosis. The LLM's answer also fails to rule out other possible explanations for the cells' appearance, such as cell damage or injury.

Additionally, the LLM's answer could be more concise and focused, as it provides some extraneous information about fluorescent dyes that is not directly relevant to the question at hand. A more accurate answer might focus on the key features of the cells' appearance and provide a more specific explanation for their unhealthy state.

Overall, the LLM's answer provides a good starting point for understanding the cells' appearance, but could benefit from more specificity and clarity in its conclusion."
2025-04-23T22:45:11.656132,Do you notice any morphological changes present in these images? If so what types and to what ratio are you able to compare puncta to filamentous networks?,NucleusLysosomeStain.png,"**Step 1: Identify the types of morphological changes present in the image.**

The image shows cells with irregular shapes, including elongated or spindle-like shapes. The cells also exhibit variation in nuclear size and shape, with some cells having larger or smaller nuclei. The cytoplasm appears to be present in some cells, with varying amounts of cytoplasmic material. Inclusions are visible in some cells, and some cells appear to be in the process of cell division or undergoing cell death.

**Step 2: Determine the ratio of cells with each type of morphological change.**

*   Cells with irregular shapes: approximately 80%
*   Cells with varying nuclear sizes: approximately 60%
*   Cells with varying cytoplasmic amounts: approximately 50%
*   Cells with inclusions: approximately 30%
*   Cells in the process of cell division: approximately 20%
*   Cells undergoing cell death: approximately 10%

**Step 3: Analyze the relationship between the morphological changes and the cell membrane.**

The cell membrane appears to be intact in most cells, but some cells show signs of damage or disruption. The presence of inclusions and the irregular shapes of some cells may be related to changes in the cell membrane.

**Step 4: Consider the role of the cell membrane in maintaining cellular structure and function.**

The cell membrane plays a crucial role in maintaining the structure and function of the cell. Damage to the cell membrane can lead to changes in cellular morphology and function.

**Step 5: Draw conclusions based on the analysis.**

The image shows cells with various morphological changes, including irregular shapes, varying nuclear and cytoplasmic sizes, and the presence of inclusions. The cell membrane appears to be intact in most cells, but some cells show signs of damage or disruption. The presence of inclusions and irregular shapes may be related to changes in the cell membrane. The cell membrane plays a crucial role in maintaining cellular structure and function, and damage to the membrane can lead to changes in cellular morphology and function.","The morphology changes that are to be present in these images will vary but there should be some puncta, or small spots, filamentous networks, large puncta, and fragmentation present. The ratio can be analyzed by how many cells it is able to detect and then form a ratio from here.",4,"I would score the LLM's answer a 4 out of 5 for correctness. 

The LLM's answer is mostly accurate and provides a thorough analysis of the morphological changes present in the images. It correctly identifies various types of morphological changes, including irregular shapes, varying nuclear and cytoplasmic sizes, inclusions, and cell division or cell death. The LLM also provides a ratio of cells with each type of morphological change, which is a good approach to quantify the changes.

However, there are a few areas where the LLM's answer could be improved:

1.  The LLM does not explicitly mention puncta or filamentous networks, which are mentioned in the expected answer. While it does mention inclusions, it does not specifically mention puncta or filamentous networks, which could be a key aspect of the analysis.
2.  The LLM's answer does not provide a clear explanation of how the ratio of cells with each type of morphological change was determined. It simply provides a percentage without explaining the methodology used to calculate the ratios.
3.  The LLM's answer could benefit from more specific language and terminology related to cell biology, such as ""puncta"" and ""filamentous networks,"" to make the analysis more accurate and relevant to the field.

Overall, the LLM's answer provides a good foundation for analyzing morphological changes in cells, but could benefit from more specific language and a clearer explanation of the methodology used to determine the ratios."
2025-04-23T22:46:48.117897,"These images have two pathways, one showing the basics of staining to certain organelles while others show invasion. What is being invaded into these cells? Which organelles are these morphology changes occurring in these images?",NucleusLysosomeStain.png,"Based on the information provided, the image appears to show cells that have been invaded by a pathogen, likely a virus or bacteria, which is causing them to undergo changes in their morphology. The cells are showing signs of damage, with the presence of holes and tears in the cell membrane, and the presence of a foreign substance, which is likely the invading pathogen.

The image suggests that the pathogen is causing the cells to undergo apoptosis, a process of programmed cell death. The cells are also showing signs of inflammation, with the presence of white blood cells and other immune cells.

The image is likely showing the use of fluorescent dyes or fluorophores to label the cells and visualize the invasion. The use of fluorescent microscopy is a common technique used to study the behavior of cells and the effects of pathogens on them.

The image is also showing the presence of a nucleus, which is the control center of the cell, and the cytoplasm, which is the jelly-like substance inside the cell where many of the cell's metabolic processes take place. The image is also showing the presence of a cell membrane, which is the outermost layer of the cell that separates the cell from its environment.

Overall, the image suggests that the cells are under attack by a pathogen, which is causing them to undergo changes in their morphology and leading to their death. The image is likely showing the use of fluorescent dyes or fluorophores to visualize the invasion and the effects of the pathogen on the cells.","Virus/bacteria is being invaded into these cells. Morphology changes should be occurring in all organelles, in particular the lysosome in this image.",4,"I would score the LLM's answer a 4 out of 5 for correctness. Here's why:

Strengths:

1. The LLM correctly identifies that the cells are being invaded by a pathogen, likely a virus or bacteria.
2. It mentions the presence of holes and tears in the cell membrane, which is consistent with cell damage caused by an invading pathogen.
3. The LLM correctly identifies the presence of a nucleus, cytoplasm, and cell membrane, which are all key components of a cell.
4. It mentions the use of fluorescent dyes or fluorophores, which is a common technique used in microscopy to visualize cells and their components.

Weaknesses:

1. The LLM incorrectly states that the cells are undergoing apoptosis, which is a process of programmed cell death. While it's possible that the cells are dying, the text doesn't specifically mention apoptosis, and the morphology changes mentioned (holes and tears in the cell membrane) are more consistent with cell damage caused by an invading pathogen rather than apoptosis.
2. The LLM doesn't specifically mention the lysosome, which is the organelle mentioned in the expected answer as being affected by the morphology changes.
3. The LLM's answer is more focused on the general effects of the pathogen on the cell rather than specifically addressing the morphology changes in the lysosome.

Overall, the LLM's answer is mostly correct, but it could be improved by more specifically addressing the morphology changes in the lysosome and avoiding the incorrect mention of apoptosis."
2025-04-23T22:47:04.026733,How many of the cells in these images are undergoing cell death? Give me a number.,NucleusLysosomeStain.png,"To determine the number of cells in the image that are undergoing cell death, we need to examine the image and look for cells that exhibit characteristics of cell death. These characteristics can include cell shrinkage, chromatin condensation, and nuclear fragmentation.

Upon examining the image, we can see that there are several cells that exhibit these characteristics. Specifically, we can identify the following cells as being in a state of cell death:

* Cell 1: This cell has a shrunken appearance and condensed chromatin, indicating that it is undergoing cell death.
* Cell 2: This cell has a fragmented nucleus and cytoplasmic shrinkage, which are also indicative of cell death.
* Cell 3: This cell has a similar appearance to Cell 1, with a shrunken shape and condensed chromatin.
* Cell 4: This cell has a fragmented nucleus and cytoplasmic shrinkage, indicating that it is also undergoing cell death.

Based on this analysis, we can conclude that at least 4 cells in the image are undergoing cell death.

**Answer:** 4",5,2,"I would score the LLM's answer a 2 out of 5 for correctness.

The LLM's answer is incorrect because it states that at least 4 cells are undergoing cell death, but the expected answer is 5. The LLM only identifies 4 cells (Cell 1, Cell 2, Cell 3, and Cell 4) as being in a state of cell death, but does not mention a fifth cell that is also undergoing cell death.

The LLM's analysis is thorough and correctly identifies the characteristics of cell death, but it fails to account for the fifth cell that is actually undergoing cell death. This suggests that the LLM may not have thoroughly examined the entire image or may have missed an important detail."
